INSERT INTO `roles` (`id`, `name`, `guard_name`, `created_at`, `updated_at`) VALUES
(1, 'super_admin', 'web', '2023-11-19 13:23:09', '2023-11-19 13:23:09'),
(2, 'user', 'web', '2023-11-19 13:23:09', '2023-11-19 13:23:09');

INSERT INTO `permissions` (`id`, `name`, `guard_name`, `created_at`, `updated_at`) VALUES
(1, 'view_', 'web', '2023-11-19 13:23:08', '2023-11-19 13:23:08'),
(2, 'view_any_', 'web', '2023-11-19 13:23:08', '2023-11-19 13:23:08'),
(3, 'create_', 'web', '2023-11-19 13:23:08', '2023-11-19 13:23:08'),
(4, 'update_', 'web', '2023-11-19 13:23:08', '2023-11-19 13:23:08'),
(5, 'restore_', 'web', '2023-11-19 13:23:08', '2023-11-19 13:23:08'),
(6, 'restore_any_', 'web', '2023-11-19 13:23:08', '2023-11-19 13:23:08'),
(7, 'replicate_', 'web', '2023-11-19 13:23:08', '2023-11-19 13:23:08'),
(8, 'reorder_', 'web', '2023-11-19 13:23:08', '2023-11-19 13:23:08'),
(9, 'delete_', 'web', '2023-11-19 13:23:08', '2023-11-19 13:23:08'),
(10, 'delete_any_', 'web', '2023-11-19 13:23:08', '2023-11-19 13:23:08'),
(11, 'force_delete_', 'web', '2023-11-19 13:23:09', '2023-11-19 13:23:09'),
(12, 'force_delete_any_', 'web', '2023-11-19 13:23:09', '2023-11-19 13:23:09'),
(13, 'view_address', 'web', '2023-11-19 13:23:10', '2023-11-19 13:23:10'),
(14, 'view_any_address', 'web', '2023-11-19 13:23:10', '2023-11-19 13:23:10'),
(15, 'create_address', 'web', '2023-11-19 13:23:10', '2023-11-19 13:23:10'),
(16, 'update_address', 'web', '2023-11-19 13:23:10', '2023-11-19 13:23:10'),
(17, 'restore_address', 'web', '2023-11-19 13:23:10', '2023-11-19 13:23:10'),
(18, 'restore_any_address', 'web', '2023-11-19 13:23:10', '2023-11-19 13:23:10'),
(19, 'replicate_address', 'web', '2023-11-19 13:23:10', '2023-11-19 13:23:10'),
(20, 'reorder_address', 'web', '2023-11-19 13:23:10', '2023-11-19 13:23:10'),
(21, 'delete_address', 'web', '2023-11-19 13:23:10', '2023-11-19 13:23:10'),
(22, 'delete_any_address', 'web', '2023-11-19 13:23:10', '2023-11-19 13:23:10'),
(23, 'force_delete_address', 'web', '2023-11-19 13:23:10', '2023-11-19 13:23:10'),
(24, 'force_delete_any_address', 'web', '2023-11-19 13:23:10', '2023-11-19 13:23:10'),
(25, 'view_article', 'web', '2023-11-19 13:23:11', '2023-11-19 13:23:11'),
(26, 'view_any_article', 'web', '2023-11-19 13:23:11', '2023-11-19 13:23:11'),
(27, 'create_article', 'web', '2023-11-19 13:23:11', '2023-11-19 13:23:11'),
(28, 'update_article', 'web', '2023-11-19 13:23:11', '2023-11-19 13:23:11'),
(29, 'restore_article', 'web', '2023-11-19 13:23:12', '2023-11-19 13:23:12'),
(30, 'restore_any_article', 'web', '2023-11-19 13:23:12', '2023-11-19 13:23:12'),
(31, 'replicate_article', 'web', '2023-11-19 13:23:12', '2023-11-19 13:23:12'),
(32, 'reorder_article', 'web', '2023-11-19 13:23:12', '2023-11-19 13:23:12'),
(33, 'delete_article', 'web', '2023-11-19 13:23:12', '2023-11-19 13:23:12'),
(34, 'delete_any_article', 'web', '2023-11-19 13:23:12', '2023-11-19 13:23:12'),
(35, 'force_delete_article', 'web', '2023-11-19 13:23:12', '2023-11-19 13:23:12'),
(36, 'force_delete_any_article', 'web', '2023-11-19 13:23:12', '2023-11-19 13:23:12'),
(37, 'view_authentication::log', 'web', '2023-11-19 13:23:13', '2023-11-19 13:23:13'),
(38, 'view_any_authentication::log', 'web', '2023-11-19 13:23:13', '2023-11-19 13:23:13'),
(39, 'create_authentication::log', 'web', '2023-11-19 13:23:13', '2023-11-19 13:23:13'),
(40, 'update_authentication::log', 'web', '2023-11-19 13:23:13', '2023-11-19 13:23:13'),
(41, 'restore_authentication::log', 'web', '2023-11-19 13:23:13', '2023-11-19 13:23:13'),
(42, 'restore_any_authentication::log', 'web', '2023-11-19 13:23:13', '2023-11-19 13:23:13'),
(43, 'replicate_authentication::log', 'web', '2023-11-19 13:23:13', '2023-11-19 13:23:13'),
(44, 'reorder_authentication::log', 'web', '2023-11-19 13:23:14', '2023-11-19 13:23:14'),
(45, 'delete_authentication::log', 'web', '2023-11-19 13:23:14', '2023-11-19 13:23:14'),
(46, 'delete_any_authentication::log', 'web', '2023-11-19 13:23:14', '2023-11-19 13:23:14'),
(47, 'force_delete_authentication::log', 'web', '2023-11-19 13:23:14', '2023-11-19 13:23:14'),
(48, 'force_delete_any_authentication::log', 'web', '2023-11-19 13:23:14', '2023-11-19 13:23:14'),
(49, 'view_component', 'web', '2023-11-19 13:23:15', '2023-11-19 13:23:15'),
(50, 'view_any_component', 'web', '2023-11-19 13:23:15', '2023-11-19 13:23:15'),
(51, 'create_component', 'web', '2023-11-19 13:23:15', '2023-11-19 13:23:15'),
(52, 'update_component', 'web', '2023-11-19 13:23:15', '2023-11-19 13:23:15'),
(53, 'restore_component', 'web', '2023-11-19 13:23:15', '2023-11-19 13:23:15'),
(54, 'restore_any_component', 'web', '2023-11-19 13:23:15', '2023-11-19 13:23:15'),
(55, 'replicate_component', 'web', '2023-11-19 13:23:15', '2023-11-19 13:23:15'),
(56, 'reorder_component', 'web', '2023-11-19 13:23:15', '2023-11-19 13:23:15'),
(57, 'delete_component', 'web', '2023-11-19 13:23:15', '2023-11-19 13:23:15'),
(58, 'delete_any_component', 'web', '2023-11-19 13:23:15', '2023-11-19 13:23:15'),
(59, 'force_delete_component', 'web', '2023-11-19 13:23:16', '2023-11-19 13:23:16'),
(60, 'force_delete_any_component', 'web', '2023-11-19 13:23:16', '2023-11-19 13:23:16'),
(61, 'view_component::type', 'web', '2023-11-19 13:23:16', '2023-11-19 13:23:16'),
(62, 'view_any_component::type', 'web', '2023-11-19 13:23:17', '2023-11-19 13:23:17'),
(63, 'create_component::type', 'web', '2023-11-19 13:23:17', '2023-11-19 13:23:17'),
(64, 'update_component::type', 'web', '2023-11-19 13:23:17', '2023-11-19 13:23:17'),
(65, 'restore_component::type', 'web', '2023-11-19 13:23:17', '2023-11-19 13:23:17'),
(66, 'restore_any_component::type', 'web', '2023-11-19 13:23:17', '2023-11-19 13:23:17'),
(67, 'replicate_component::type', 'web', '2023-11-19 13:23:17', '2023-11-19 13:23:17'),
(68, 'reorder_component::type', 'web', '2023-11-19 13:23:17', '2023-11-19 13:23:17'),
(69, 'delete_component::type', 'web', '2023-11-19 13:23:17', '2023-11-19 13:23:17'),
(70, 'delete_any_component::type', 'web', '2023-11-19 13:23:17', '2023-11-19 13:23:17'),
(71, 'force_delete_component::type', 'web', '2023-11-19 13:23:17', '2023-11-19 13:23:17'),
(72, 'force_delete_any_component::type', 'web', '2023-11-19 13:23:17', '2023-11-19 13:23:17'),
(73, 'view_country', 'web', '2023-11-19 13:23:18', '2023-11-19 13:23:18'),
(74, 'view_any_country', 'web', '2023-11-19 13:23:18', '2023-11-19 13:23:18'),
(75, 'create_country', 'web', '2023-11-19 13:23:18', '2023-11-19 13:23:18'),
(76, 'update_country', 'web', '2023-11-19 13:23:18', '2023-11-19 13:23:18'),
(77, 'restore_country', 'web', '2023-11-19 13:23:19', '2023-11-19 13:23:19'),
(78, 'restore_any_country', 'web', '2023-11-19 13:23:19', '2023-11-19 13:23:19'),
(79, 'replicate_country', 'web', '2023-11-19 13:23:19', '2023-11-19 13:23:19'),
(80, 'reorder_country', 'web', '2023-11-19 13:23:19', '2023-11-19 13:23:19'),
(81, 'delete_country', 'web', '2023-11-19 13:23:19', '2023-11-19 13:23:19'),
(82, 'delete_any_country', 'web', '2023-11-19 13:23:19', '2023-11-19 13:23:19'),
(83, 'force_delete_country', 'web', '2023-11-19 13:23:19', '2023-11-19 13:23:19'),
(84, 'force_delete_any_country', 'web', '2023-11-19 13:23:19', '2023-11-19 13:23:19'),
(85, 'view_language', 'web', '2023-11-19 13:23:20', '2023-11-19 13:23:20'),
(86, 'view_any_language', 'web', '2023-11-19 13:23:20', '2023-11-19 13:23:20'),
(87, 'create_language', 'web', '2023-11-19 13:23:20', '2023-11-19 13:23:20'),
(88, 'update_language', 'web', '2023-11-19 13:23:20', '2023-11-19 13:23:20'),
(89, 'restore_language', 'web', '2023-11-19 13:23:20', '2023-11-19 13:23:20'),
(90, 'restore_any_language', 'web', '2023-11-19 13:23:20', '2023-11-19 13:23:20'),
(91, 'replicate_language', 'web', '2023-11-19 13:23:21', '2023-11-19 13:23:21'),
(92, 'reorder_language', 'web', '2023-11-19 13:23:21', '2023-11-19 13:23:21'),
(93, 'delete_language', 'web', '2023-11-19 13:23:21', '2023-11-19 13:23:21'),
(94, 'delete_any_language', 'web', '2023-11-19 13:23:21', '2023-11-19 13:23:21'),
(95, 'force_delete_language', 'web', '2023-11-19 13:23:21', '2023-11-19 13:23:21'),
(96, 'force_delete_any_language', 'web', '2023-11-19 13:23:21', '2023-11-19 13:23:21'),
(97, 'view_layout', 'web', '2023-11-19 13:23:22', '2023-11-19 13:23:22'),
(98, 'view_any_layout', 'web', '2023-11-19 13:23:22', '2023-11-19 13:23:22'),
(99, 'create_layout', 'web', '2023-11-19 13:23:22', '2023-11-19 13:23:22'),
(100, 'update_layout', 'web', '2023-11-19 13:23:22', '2023-11-19 13:23:22'),
(101, 'restore_layout', 'web', '2023-11-19 13:23:22', '2023-11-19 13:23:22'),
(102, 'restore_any_layout', 'web', '2023-11-19 13:23:22', '2023-11-19 13:23:22'),
(103, 'replicate_layout', 'web', '2023-11-19 13:23:22', '2023-11-19 13:23:22'),
(104, 'reorder_layout', 'web', '2023-11-19 13:23:22', '2023-11-19 13:23:22'),
(105, 'delete_layout', 'web', '2023-11-19 13:23:22', '2023-11-19 13:23:22'),
(106, 'delete_any_layout', 'web', '2023-11-19 13:23:23', '2023-11-19 13:23:23'),
(107, 'force_delete_layout', 'web', '2023-11-19 13:23:23', '2023-11-19 13:23:23'),
(108, 'force_delete_any_layout', 'web', '2023-11-19 13:23:23', '2023-11-19 13:23:23'),
(109, 'view_layout::container', 'web', '2023-11-19 13:23:24', '2023-11-19 13:23:24'),
(110, 'view_any_layout::container', 'web', '2023-11-19 13:23:24', '2023-11-19 13:23:24'),
(111, 'create_layout::container', 'web', '2023-11-19 13:23:24', '2023-11-19 13:23:24'),
(112, 'update_layout::container', 'web', '2023-11-19 13:23:24', '2023-11-19 13:23:24'),
(113, 'restore_layout::container', 'web', '2023-11-19 13:23:24', '2023-11-19 13:23:24'),
(114, 'restore_any_layout::container', 'web', '2023-11-19 13:23:24', '2023-11-19 13:23:24'),
(115, 'replicate_layout::container', 'web', '2023-11-19 13:23:24', '2023-11-19 13:23:24'),
(116, 'reorder_layout::container', 'web', '2023-11-19 13:23:24', '2023-11-19 13:23:24'),
(117, 'delete_layout::container', 'web', '2023-11-19 13:23:24', '2023-11-19 13:23:24'),
(118, 'delete_any_layout::container', 'web', '2023-11-19 13:23:24', '2023-11-19 13:23:24'),
(119, 'force_delete_layout::container', 'web', '2023-11-19 13:23:24', '2023-11-19 13:23:24'),
(120, 'force_delete_any_layout::container', 'web', '2023-11-19 13:23:25', '2023-11-19 13:23:25'),
(121, 'view_media', 'web', '2023-11-19 13:23:25', '2023-11-19 13:23:25'),
(122, 'view_any_media', 'web', '2023-11-19 13:23:25', '2023-11-19 13:23:25'),
(123, 'create_media', 'web', '2023-11-19 13:23:26', '2023-11-19 13:23:26'),
(124, 'update_media', 'web', '2023-11-19 13:23:26', '2023-11-19 13:23:26'),
(125, 'restore_media', 'web', '2023-11-19 13:23:26', '2023-11-19 13:23:26'),
(126, 'restore_any_media', 'web', '2023-11-19 13:23:26', '2023-11-19 13:23:26'),
(127, 'replicate_media', 'web', '2023-11-19 13:23:26', '2023-11-19 13:23:26'),
(128, 'reorder_media', 'web', '2023-11-19 13:23:26', '2023-11-19 13:23:26'),
(129, 'delete_media', 'web', '2023-11-19 13:23:26', '2023-11-19 13:23:26'),
(130, 'delete_any_media', 'web', '2023-11-19 13:23:26', '2023-11-19 13:23:26'),
(131, 'force_delete_media', 'web', '2023-11-19 13:23:26', '2023-11-19 13:23:26'),
(132, 'force_delete_any_media', 'web', '2023-11-19 13:23:26', '2023-11-19 13:23:26'),
(133, 'view_navigation', 'web', '2023-11-19 13:23:27', '2023-11-19 13:23:27'),
(134, 'view_any_navigation', 'web', '2023-11-19 13:23:27', '2023-11-19 13:23:27'),
(135, 'create_navigation', 'web', '2023-11-19 13:23:27', '2023-11-19 13:23:27'),
(136, 'update_navigation', 'web', '2023-11-19 13:23:27', '2023-11-19 13:23:27'),
(137, 'restore_navigation', 'web', '2023-11-19 13:23:28', '2023-11-19 13:23:28'),
(138, 'restore_any_navigation', 'web', '2023-11-19 13:23:28', '2023-11-19 13:23:28'),
(139, 'replicate_navigation', 'web', '2023-11-19 13:23:28', '2023-11-19 13:23:28'),
(140, 'reorder_navigation', 'web', '2023-11-19 13:23:28', '2023-11-19 13:23:28'),
(141, 'delete_navigation', 'web', '2023-11-19 13:23:28', '2023-11-19 13:23:28'),
(142, 'delete_any_navigation', 'web', '2023-11-19 13:23:28', '2023-11-19 13:23:28'),
(143, 'force_delete_navigation', 'web', '2023-11-19 13:23:28', '2023-11-19 13:23:28'),
(144, 'force_delete_any_navigation', 'web', '2023-11-19 13:23:28', '2023-11-19 13:23:28'),
(145, 'view_page', 'web', '2023-11-19 13:23:29', '2023-11-19 13:23:29'),
(146, 'view_any_page', 'web', '2023-11-19 13:23:29', '2023-11-19 13:23:29'),
(147, 'create_page', 'web', '2023-11-19 13:23:29', '2023-11-19 13:23:29'),
(148, 'update_page', 'web', '2023-11-19 13:23:29', '2023-11-19 13:23:29'),
(149, 'restore_page', 'web', '2023-11-19 13:23:29', '2023-11-19 13:23:29'),
(150, 'restore_any_page', 'web', '2023-11-19 13:23:29', '2023-11-19 13:23:29'),
(151, 'replicate_page', 'web', '2023-11-19 13:23:30', '2023-11-19 13:23:30'),
(152, 'reorder_page', 'web', '2023-11-19 13:23:30', '2023-11-19 13:23:30'),
(153, 'delete_page', 'web', '2023-11-19 13:23:30', '2023-11-19 13:23:30'),
(154, 'delete_any_page', 'web', '2023-11-19 13:23:30', '2023-11-19 13:23:30'),
(155, 'force_delete_page', 'web', '2023-11-19 13:23:30', '2023-11-19 13:23:30'),
(156, 'force_delete_any_page', 'web', '2023-11-19 13:23:30', '2023-11-19 13:23:30'),
(157, 'view_page::type', 'web', '2023-11-19 13:23:31', '2023-11-19 13:23:31'),
(158, 'view_any_page::type', 'web', '2023-11-19 13:23:31', '2023-11-19 13:23:31'),
(159, 'create_page::type', 'web', '2023-11-19 13:23:31', '2023-11-19 13:23:31'),
(160, 'update_page::type', 'web', '2023-11-19 13:23:31', '2023-11-19 13:23:31'),
(161, 'restore_page::type', 'web', '2023-11-19 13:23:31', '2023-11-19 13:23:31'),
(162, 'restore_any_page::type', 'web', '2023-11-19 13:23:31', '2023-11-19 13:23:31'),
(163, 'replicate_page::type', 'web', '2023-11-19 13:23:31', '2023-11-19 13:23:31'),
(164, 'reorder_page::type', 'web', '2023-11-19 13:23:31', '2023-11-19 13:23:31'),
(165, 'delete_page::type', 'web', '2023-11-19 13:23:32', '2023-11-19 13:23:32'),
(166, 'delete_any_page::type', 'web', '2023-11-19 13:23:32', '2023-11-19 13:23:32'),
(167, 'force_delete_page::type', 'web', '2023-11-19 13:23:32', '2023-11-19 13:23:32'),
(168, 'force_delete_any_page::type', 'web', '2023-11-19 13:23:32', '2023-11-19 13:23:32'),
(169, 'view_page::url', 'web', '2023-11-19 13:23:33', '2023-11-19 13:23:33'),
(170, 'view_any_page::url', 'web', '2023-11-19 13:23:33', '2023-11-19 13:23:33'),
(171, 'create_page::url', 'web', '2023-11-19 13:23:33', '2023-11-19 13:23:33'),
(172, 'update_page::url', 'web', '2023-11-19 13:23:33', '2023-11-19 13:23:33'),
(173, 'restore_page::url', 'web', '2023-11-19 13:23:33', '2023-11-19 13:23:33'),
(174, 'restore_any_page::url', 'web', '2023-11-19 13:23:33', '2023-11-19 13:23:33'),
(175, 'replicate_page::url', 'web', '2023-11-19 13:23:33', '2023-11-19 13:23:33'),
(176, 'reorder_page::url', 'web', '2023-11-19 13:23:33', '2023-11-19 13:23:33'),
(177, 'delete_page::url', 'web', '2023-11-19 13:23:33', '2023-11-19 13:23:33'),
(178, 'delete_any_page::url', 'web', '2023-11-19 13:23:33', '2023-11-19 13:23:33'),
(179, 'force_delete_page::url', 'web', '2023-11-19 13:23:33', '2023-11-19 13:23:33'),
(180, 'force_delete_any_page::url', 'web', '2023-11-19 13:23:34', '2023-11-19 13:23:34'),
(181, 'view_report::page', 'web', '2023-11-19 13:23:34', '2023-11-19 13:23:34'),
(182, 'view_any_report::page', 'web', '2023-11-19 13:23:34', '2023-11-19 13:23:34'),
(183, 'create_report::page', 'web', '2023-11-19 13:23:35', '2023-11-19 13:23:35'),
(184, 'update_report::page', 'web', '2023-11-19 13:23:35', '2023-11-19 13:23:35'),
(185, 'restore_report::page', 'web', '2023-11-19 13:23:35', '2023-11-19 13:23:35'),
(186, 'restore_any_report::page', 'web', '2023-11-19 13:23:35', '2023-11-19 13:23:35'),
(187, 'replicate_report::page', 'web', '2023-11-19 13:23:35', '2023-11-19 13:23:35'),
(188, 'reorder_report::page', 'web', '2023-11-19 13:23:35', '2023-11-19 13:23:35'),
(189, 'delete_report::page', 'web', '2023-11-19 13:23:35', '2023-11-19 13:23:35'),
(190, 'delete_any_report::page', 'web', '2023-11-19 13:23:35', '2023-11-19 13:23:35'),
(191, 'force_delete_report::page', 'web', '2023-11-19 13:23:35', '2023-11-19 13:23:35'),
(192, 'force_delete_any_report::page', 'web', '2023-11-19 13:23:35', '2023-11-19 13:23:35'),
(193, 'view_report::search', 'web', '2023-11-19 13:23:36', '2023-11-19 13:23:36'),
(194, 'view_any_report::search', 'web', '2023-11-19 13:23:36', '2023-11-19 13:23:36'),
(195, 'create_report::search', 'web', '2023-11-19 13:23:36', '2023-11-19 13:23:36'),
(196, 'update_report::search', 'web', '2023-11-19 13:23:36', '2023-11-19 13:23:36'),
(197, 'restore_report::search', 'web', '2023-11-19 13:23:37', '2023-11-19 13:23:37'),
(198, 'restore_any_report::search', 'web', '2023-11-19 13:23:37', '2023-11-19 13:23:37'),
(199, 'replicate_report::search', 'web', '2023-11-19 13:23:37', '2023-11-19 13:23:37'),
(200, 'reorder_report::search', 'web', '2023-11-19 13:23:37', '2023-11-19 13:23:37'),
(201, 'delete_report::search', 'web', '2023-11-19 13:23:37', '2023-11-19 13:23:37'),
(202, 'delete_any_report::search', 'web', '2023-11-19 13:23:37', '2023-11-19 13:23:37'),
(203, 'force_delete_report::search', 'web', '2023-11-19 13:23:37', '2023-11-19 13:23:37'),
(204, 'force_delete_any_report::search', 'web', '2023-11-19 13:23:37', '2023-11-19 13:23:37'),
(205, 'view_role', 'web', '2023-11-19 13:23:38', '2023-11-19 13:23:38'),
(206, 'view_any_role', 'web', '2023-11-19 13:23:38', '2023-11-19 13:23:38'),
(207, 'create_role', 'web', '2023-11-19 13:23:38', '2023-11-19 13:23:38'),
(208, 'update_role', 'web', '2023-11-19 13:23:38', '2023-11-19 13:23:38'),
(209, 'delete_role', 'web', '2023-11-19 13:23:38', '2023-11-19 13:23:38'),
(210, 'delete_any_role', 'web', '2023-11-19 13:23:38', '2023-11-19 13:23:38'),
(211, 'view_site', 'web', '2023-11-19 13:23:39', '2023-11-19 13:23:39'),
(212, 'view_any_site', 'web', '2023-11-19 13:23:39', '2023-11-19 13:23:39'),
(213, 'create_site', 'web', '2023-11-19 13:23:39', '2023-11-19 13:23:39'),
(214, 'update_site', 'web', '2023-11-19 13:23:39', '2023-11-19 13:23:39'),
(215, 'restore_site', 'web', '2023-11-19 13:23:39', '2023-11-19 13:23:39'),
(216, 'restore_any_site', 'web', '2023-11-19 13:23:39', '2023-11-19 13:23:39'),
(217, 'replicate_site', 'web', '2023-11-19 13:23:39', '2023-11-19 13:23:39'),
(218, 'reorder_site', 'web', '2023-11-19 13:23:40', '2023-11-19 13:23:40'),
(219, 'delete_site', 'web', '2023-11-19 13:23:40', '2023-11-19 13:23:40'),
(220, 'delete_any_site', 'web', '2023-11-19 13:23:40', '2023-11-19 13:23:40'),
(221, 'force_delete_site', 'web', '2023-11-19 13:23:40', '2023-11-19 13:23:40'),
(222, 'force_delete_any_site', 'web', '2023-11-19 13:23:40', '2023-11-19 13:23:40'),
(223, 'view_site::type', 'web', '2023-11-19 13:23:41', '2023-11-19 13:23:41'),
(224, 'view_any_site::type', 'web', '2023-11-19 13:23:41', '2023-11-19 13:23:41'),
(225, 'create_site::type', 'web', '2023-11-19 13:23:41', '2023-11-19 13:23:41'),
(226, 'update_site::type', 'web', '2023-11-19 13:23:41', '2023-11-19 13:23:41'),
(227, 'restore_site::type', 'web', '2023-11-19 13:23:41', '2023-11-19 13:23:41'),
(228, 'restore_any_site::type', 'web', '2023-11-19 13:23:41', '2023-11-19 13:23:41'),
(229, 'replicate_site::type', 'web', '2023-11-19 13:23:41', '2023-11-19 13:23:41'),
(230, 'reorder_site::type', 'web', '2023-11-19 13:23:41', '2023-11-19 13:23:41'),
(231, 'delete_site::type', 'web', '2023-11-19 13:23:41', '2023-11-19 13:23:41'),
(232, 'delete_any_site::type', 'web', '2023-11-19 13:23:41', '2023-11-19 13:23:41'),
(233, 'force_delete_site::type', 'web', '2023-11-19 13:23:42', '2023-11-19 13:23:42'),
(234, 'force_delete_any_site::type', 'web', '2023-11-19 13:23:42', '2023-11-19 13:23:42'),
(235, 'view_site::url', 'web', '2023-11-19 13:23:42', '2023-11-19 13:23:42'),
(236, 'view_any_site::url', 'web', '2023-11-19 13:23:43', '2023-11-19 13:23:43'),
(237, 'create_site::url', 'web', '2023-11-19 13:23:43', '2023-11-19 13:23:43'),
(238, 'update_site::url', 'web', '2023-11-19 13:23:43', '2023-11-19 13:23:43'),
(239, 'restore_site::url', 'web', '2023-11-19 13:23:43', '2023-11-19 13:23:43'),
(240, 'restore_any_site::url', 'web', '2023-11-19 13:23:43', '2023-11-19 13:23:43'),
(241, 'replicate_site::url', 'web', '2023-11-19 13:23:43', '2023-11-19 13:23:43'),
(242, 'reorder_site::url', 'web', '2023-11-19 13:23:43', '2023-11-19 13:23:43'),
(243, 'delete_site::url', 'web', '2023-11-19 13:23:43', '2023-11-19 13:23:43'),
(244, 'delete_any_site::url', 'web', '2023-11-19 13:23:43', '2023-11-19 13:23:43'),
(245, 'force_delete_site::url', 'web', '2023-11-19 13:23:43', '2023-11-19 13:23:43'),
(246, 'force_delete_any_site::url', 'web', '2023-11-19 13:23:43', '2023-11-19 13:23:43'),
(247, 'view_tag', 'web', '2023-11-19 13:23:44', '2023-11-19 13:23:44'),
(248, 'view_any_tag', 'web', '2023-11-19 13:23:44', '2023-11-19 13:23:44'),
(249, 'create_tag', 'web', '2023-11-19 13:23:44', '2023-11-19 13:23:44'),
(250, 'update_tag', 'web', '2023-11-19 13:23:45', '2023-11-19 13:23:45'),
(251, 'restore_tag', 'web', '2023-11-19 13:23:45', '2023-11-19 13:23:45'),
(252, 'restore_any_tag', 'web', '2023-11-19 13:23:45', '2023-11-19 13:23:45'),
(253, 'replicate_tag', 'web', '2023-11-19 13:23:45', '2023-11-19 13:23:45'),
(254, 'reorder_tag', 'web', '2023-11-19 13:23:45', '2023-11-19 13:23:45'),
(255, 'delete_tag', 'web', '2023-11-19 13:23:45', '2023-11-19 13:23:45'),
(256, 'delete_any_tag', 'web', '2023-11-19 13:23:45', '2023-11-19 13:23:45'),
(257, 'force_delete_tag', 'web', '2023-11-19 13:23:45', '2023-11-19 13:23:45'),
(258, 'force_delete_any_tag', 'web', '2023-11-19 13:23:45', '2023-11-19 13:23:45'),
(259, 'view_theme', 'web', '2023-11-19 13:23:46', '2023-11-19 13:23:46'),
(260, 'view_any_theme', 'web', '2023-11-19 13:23:46', '2023-11-19 13:23:46'),
(261, 'create_theme', 'web', '2023-11-19 13:23:46', '2023-11-19 13:23:46'),
(262, 'update_theme', 'web', '2023-11-19 13:23:46', '2023-11-19 13:23:46'),
(263, 'restore_theme', 'web', '2023-11-19 13:23:46', '2023-11-19 13:23:46'),
(264, 'restore_any_theme', 'web', '2023-11-19 13:23:46', '2023-11-19 13:23:46'),
(265, 'replicate_theme', 'web', '2023-11-19 13:23:47', '2023-11-19 13:23:47'),
(266, 'reorder_theme', 'web', '2023-11-19 13:23:47', '2023-11-19 13:23:47'),
(267, 'delete_theme', 'web', '2023-11-19 13:23:47', '2023-11-19 13:23:47'),
(268, 'delete_any_theme', 'web', '2023-11-19 13:23:47', '2023-11-19 13:23:47'),
(269, 'force_delete_theme', 'web', '2023-11-19 13:23:47', '2023-11-19 13:23:47'),
(270, 'force_delete_any_theme', 'web', '2023-11-19 13:23:47', '2023-11-19 13:23:47'),
(271, 'view_theme::type', 'web', '2023-11-19 13:23:48', '2023-11-19 13:23:48'),
(272, 'view_any_theme::type', 'web', '2023-11-19 13:23:48', '2023-11-19 13:23:48'),
(273, 'create_theme::type', 'web', '2023-11-19 13:23:48', '2023-11-19 13:23:48'),
(274, 'update_theme::type', 'web', '2023-11-19 13:23:48', '2023-11-19 13:23:48'),
(275, 'restore_theme::type', 'web', '2023-11-19 13:23:48', '2023-11-19 13:23:48'),
(276, 'restore_any_theme::type', 'web', '2023-11-19 13:23:48', '2023-11-19 13:23:48'),
(277, 'replicate_theme::type', 'web', '2023-11-19 13:23:48', '2023-11-19 13:23:48'),
(278, 'reorder_theme::type', 'web', '2023-11-19 13:23:48', '2023-11-19 13:23:48'),
(279, 'delete_theme::type', 'web', '2023-11-19 13:23:49', '2023-11-19 13:23:49'),
(280, 'delete_any_theme::type', 'web', '2023-11-19 13:23:49', '2023-11-19 13:23:49'),
(281, 'force_delete_theme::type', 'web', '2023-11-19 13:23:49', '2023-11-19 13:23:49'),
(282, 'force_delete_any_theme::type', 'web', '2023-11-19 13:23:49', '2023-11-19 13:23:49'),
(283, 'view_user', 'web', '2023-11-19 13:23:50', '2023-11-19 13:23:50'),
(284, 'view_any_user', 'web', '2023-11-19 13:23:50', '2023-11-19 13:23:50'),
(285, 'create_user', 'web', '2023-11-19 13:23:50', '2023-11-19 13:23:50'),
(286, 'update_user', 'web', '2023-11-19 13:23:50', '2023-11-19 13:23:50'),
(287, 'restore_user', 'web', '2023-11-19 13:23:50', '2023-11-19 13:23:50'),
(288, 'restore_any_user', 'web', '2023-11-19 13:23:50', '2023-11-19 13:23:50'),
(289, 'replicate_user', 'web', '2023-11-19 13:23:50', '2023-11-19 13:23:50'),
(290, 'reorder_user', 'web', '2023-11-19 13:23:50', '2023-11-19 13:23:50'),
(291, 'delete_user', 'web', '2023-11-19 13:23:50', '2023-11-19 13:23:50'),
(292, 'delete_any_user', 'web', '2023-11-19 13:23:50', '2023-11-19 13:23:50'),
(293, 'force_delete_user', 'web', '2023-11-19 13:23:51', '2023-11-19 13:23:51'),
(294, 'force_delete_any_user', 'web', '2023-11-19 13:23:51', '2023-11-19 13:23:51'),
(295, 'view_widget', 'web', '2023-11-19 13:23:51', '2023-11-19 13:23:51'),
(296, 'view_any_widget', 'web', '2023-11-19 13:23:51', '2023-11-19 13:23:51'),
(297, 'create_widget', 'web', '2023-11-19 13:23:52', '2023-11-19 13:23:52'),
(298, 'update_widget', 'web', '2023-11-19 13:23:52', '2023-11-19 13:23:52'),
(299, 'restore_widget', 'web', '2023-11-19 13:23:52', '2023-11-19 13:23:52'),
(300, 'restore_any_widget', 'web', '2023-11-19 13:23:52', '2023-11-19 13:23:52'),
(301, 'replicate_widget', 'web', '2023-11-19 13:23:52', '2023-11-19 13:23:52'),
(302, 'reorder_widget', 'web', '2023-11-19 13:23:52', '2023-11-19 13:23:52'),
(303, 'delete_widget', 'web', '2023-11-19 13:23:52', '2023-11-19 13:23:52'),
(304, 'delete_any_widget', 'web', '2023-11-19 13:23:52', '2023-11-19 13:23:52'),
(305, 'force_delete_widget', 'web', '2023-11-19 13:23:52', '2023-11-19 13:23:52'),
(306, 'force_delete_any_widget', 'web', '2023-11-19 13:23:52', '2023-11-19 13:23:52'),
(307, 'view_widget::type', 'web', '2023-11-19 13:23:53', '2023-11-19 13:23:53'),
(308, 'view_any_widget::type', 'web', '2023-11-19 13:23:53', '2023-11-19 13:23:53'),
(309, 'create_widget::type', 'web', '2023-11-19 13:23:53', '2023-11-19 13:23:53'),
(310, 'update_widget::type', 'web', '2023-11-19 13:23:53', '2023-11-19 13:23:53'),
(311, 'restore_widget::type', 'web', '2023-11-19 13:23:54', '2023-11-19 13:23:54'),
(312, 'restore_any_widget::type', 'web', '2023-11-19 13:23:54', '2023-11-19 13:23:54'),
(313, 'replicate_widget::type', 'web', '2023-11-19 13:23:54', '2023-11-19 13:23:54'),
(314, 'reorder_widget::type', 'web', '2023-11-19 13:23:54', '2023-11-19 13:23:54'),
(315, 'delete_widget::type', 'web', '2023-11-19 13:23:54', '2023-11-19 13:23:54'),
(316, 'delete_any_widget::type', 'web', '2023-11-19 13:23:54', '2023-11-19 13:23:54'),
(317, 'force_delete_widget::type', 'web', '2023-11-19 13:23:54', '2023-11-19 13:23:54'),
(318, 'force_delete_any_widget::type', 'web', '2023-11-19 13:23:54', '2023-11-19 13:23:54'),
(319, 'widget_VisitorsOverviewCards', 'web', '2023-11-19 13:23:55', '2023-11-19 13:23:55'),
(320, 'widget_PopularPagesChart', 'web', '2023-11-19 13:23:55', '2023-11-19 13:23:55'),
(321, 'widget_TableMultiWidget', 'web', '2023-11-19 13:23:56', '2023-11-19 13:23:56');

INSERT INTO `role_has_permissions` (`permission_id`, `role_id`) VALUES
(1, 1),
(2, 1),
(3, 1),
(4, 1),
(5, 1),
(6, 1),
(7, 1),
(8, 1),
(9, 1),
(10, 1),
(11, 1),
(12, 1),
(13, 1),
(14, 1),
(15, 1),
(16, 1),
(17, 1),
(18, 1),
(19, 1),
(20, 1),
(21, 1),
(22, 1),
(23, 1),
(24, 1),
(25, 1),
(26, 1),
(27, 1),
(28, 1),
(29, 1),
(30, 1),
(31, 1),
(32, 1),
(33, 1),
(34, 1),
(35, 1),
(36, 1),
(37, 1),
(38, 1),
(39, 1),
(40, 1),
(41, 1),
(42, 1),
(43, 1),
(44, 1),
(45, 1),
(46, 1),
(47, 1),
(48, 1),
(49, 1),
(50, 1),
(51, 1),
(52, 1),
(53, 1),
(54, 1),
(55, 1),
(56, 1),
(57, 1),
(58, 1),
(59, 1),
(60, 1),
(61, 1),
(62, 1),
(63, 1),
(64, 1),
(65, 1),
(66, 1),
(67, 1),
(68, 1),
(69, 1),
(70, 1),
(71, 1),
(72, 1),
(73, 1),
(74, 1),
(75, 1),
(76, 1),
(77, 1),
(78, 1),
(79, 1),
(80, 1),
(81, 1),
(82, 1),
(83, 1),
(84, 1),
(85, 1),
(86, 1),
(87, 1),
(88, 1),
(89, 1),
(90, 1),
(91, 1),
(92, 1),
(93, 1),
(94, 1),
(95, 1),
(96, 1),
(97, 1),
(98, 1),
(99, 1),
(100, 1),
(101, 1),
(102, 1),
(103, 1),
(104, 1),
(105, 1),
(106, 1),
(107, 1),
(108, 1),
(109, 1),
(110, 1),
(111, 1),
(112, 1),
(113, 1),
(114, 1),
(115, 1),
(116, 1),
(117, 1),
(118, 1),
(119, 1),
(120, 1),
(121, 1),
(122, 1),
(123, 1),
(124, 1),
(125, 1),
(126, 1),
(127, 1),
(128, 1),
(129, 1),
(130, 1),
(131, 1),
(132, 1),
(133, 1),
(134, 1),
(135, 1),
(136, 1),
(137, 1),
(138, 1),
(139, 1),
(140, 1),
(141, 1),
(142, 1),
(143, 1),
(144, 1),
(145, 1),
(146, 1),
(147, 1),
(148, 1),
(149, 1),
(150, 1),
(151, 1),
(152, 1),
(153, 1),
(154, 1),
(155, 1),
(156, 1),
(157, 1),
(158, 1),
(159, 1),
(160, 1),
(161, 1),
(162, 1),
(163, 1),
(164, 1),
(165, 1),
(166, 1),
(167, 1),
(168, 1),
(169, 1),
(170, 1),
(171, 1),
(172, 1),
(173, 1),
(174, 1),
(175, 1),
(176, 1),
(177, 1),
(178, 1),
(179, 1),
(180, 1),
(181, 1),
(182, 1),
(183, 1),
(184, 1),
(185, 1),
(186, 1),
(187, 1),
(188, 1),
(189, 1),
(190, 1),
(191, 1),
(192, 1),
(193, 1),
(194, 1),
(195, 1),
(196, 1),
(197, 1),
(198, 1),
(199, 1),
(200, 1),
(201, 1),
(202, 1),
(203, 1),
(204, 1),
(205, 1),
(206, 1),
(207, 1),
(208, 1),
(209, 1),
(210, 1),
(211, 1),
(212, 1),
(213, 1),
(214, 1),
(215, 1),
(216, 1),
(217, 1),
(218, 1),
(219, 1),
(220, 1),
(221, 1),
(222, 1),
(223, 1),
(224, 1),
(225, 1),
(226, 1),
(227, 1),
(228, 1),
(229, 1),
(230, 1),
(231, 1),
(232, 1),
(233, 1),
(234, 1),
(235, 1),
(236, 1),
(237, 1),
(238, 1),
(239, 1),
(240, 1),
(241, 1),
(242, 1),
(243, 1),
(244, 1),
(245, 1),
(246, 1),
(247, 1),
(248, 1),
(249, 1),
(250, 1),
(251, 1),
(252, 1),
(253, 1),
(254, 1),
(255, 1),
(256, 1),
(257, 1),
(258, 1),
(259, 1),
(260, 1),
(261, 1),
(262, 1),
(263, 1),
(264, 1),
(265, 1),
(266, 1),
(267, 1),
(268, 1),
(269, 1),
(270, 1),
(271, 1),
(272, 1),
(273, 1),
(274, 1),
(275, 1),
(276, 1),
(277, 1),
(278, 1),
(279, 1),
(280, 1),
(281, 1),
(282, 1),
(283, 1),
(284, 1),
(285, 1),
(286, 1),
(287, 1),
(288, 1),
(289, 1),
(290, 1),
(291, 1),
(292, 1),
(293, 1),
(294, 1),
(295, 1),
(296, 1),
(297, 1),
(298, 1),
(299, 1),
(300, 1),
(301, 1),
(302, 1),
(303, 1),
(304, 1),
(305, 1),
(306, 1),
(307, 1),
(308, 1),
(309, 1),
(310, 1),
(311, 1),
(312, 1),
(313, 1),
(314, 1),
(315, 1),
(316, 1),
(317, 1),
(318, 1),
(319, 1),
(320, 1),
(321, 1),
(1, 2);
